{"vectors": {"V1_pre": 49.587023274820616, "theta1_in": 359.1999999999997, "V1_post": 22.21723887612268, "theta1_out": 338.98999999998273, "V2_pre": 38.98089231635492, "theta2_in": 158.64999999999668, "V2_post": 22.776064846895594, "theta2_out": 110.46000000000791, "x1": -1.27, "y1": -0.91, "x2": 0.98, "y2": 0.72, "PDOF_stima": 14.15345604140771, "J1": 1974.7913015600002, "J2": 1877.7978914999999, "omega1_pre": 0.0, "omega1_post": 3.450780177605122, "omega2_pre": 0.0, "omega2_post": 2.8832274914544933}, "triangoli": {"V1_pre": 49.587023274820616, "theta1_in_t": null, "V1_post_t": null, "theta1_out_t": null, "V2_pre": 38.98089231635492, "theta2_in_t": null, "V2_post_t": null, "theta2_out_t": null, "x1": -1.27, "y1": -0.91, "x2": 0.98, "y2": 0.72, "PDOF_eff": null}, "cicloidi": {}, "pdof": {"target": 14.0, "stima": 14.15345604140771, "eff": null}}