{"vectors": {"V1_pre": 50.07134353181749, "theta1_in": 3.81, "V1_post": 21.754432943811672, "theta1_out": 329.4399999999996, "V2_pre": 35.7214741447201, "theta2_in": 174.26999999998702, "V2_post": 18.359414843085627, "theta2_out": 105.33000000000119, "x1": -1.27, "y1": -0.91, "x2": 0.98, "y2": 0.72, "PDOF_stima": null, "J1": 1974.7913015600002, "J2": 1877.7978914999999, "omega1_pre": 0.0, "omega1_post": 3.4688298134174946, "omega2_pre": 0.0, "omega2_post": 3.0873954846892224}, "triangoli": {"V1_pre": 50.07134353181749, "theta1_in_t": null, "V1_post_t": null, "theta1_out_t": null, "V2_pre": 35.7214741447201, "theta2_in_t": null, "V2_post_t": null, "theta2_out_t": null, "x1": -1.27, "y1": -0.91, "x2": 0.98, "y2": 0.72, "PDOF_eff": null}, "cicloidi": {}, "pdof": {"target": 14.0, "stima": null, "eff": null}}