{"vectors": {"V1_pre": 50.225412480409766, "theta1_in": 357.1600000000027, "V1_post": 22.15165402863768, "theta1_out": 332.5299999999968, "V2_pre": 35.81182743551345, "theta2_in": 162.9699999999973, "V2_post": 18.57919708390312, "theta2_out": 103.25000000000013, "x1": -1.27, "y1": -0.91, "x2": 0.98, "y2": 0.72, "PDOF_stima": 14.21688094665645, "J1": 1974.7913015600002, "J2": 1877.7978914999999, "omega1_pre": 0.0, "omega1_post": 3.453383853691355, "omega2_pre": 0.0, "omega2_post": 3.07890981617754}, "triangoli": {"V1_pre": 50.225412480409766, "theta1_in_t": null, "V1_post_t": null, "theta1_out_t": null, "V2_pre": 35.81182743551345, "theta2_in_t": null, "V2_post_t": null, "theta2_out_t": null, "x1": -1.27, "y1": -0.91, "x2": 0.98, "y2": 0.72, "PDOF_eff": null}, "cicloidi": {}, "pdof": {"target": 14.0, "stima": 14.21688094665645, "eff": null}}