{"vectors": {"V1_pre": 51.193028666352475, "theta1_in": 3.5300000000000002, "V1_post": 23.11746218675132, "theta1_out": 331.89999999999736, "V2_pre": 35.11708168970435, "theta2_in": 173.64999999998759, "V2_post": 18.303551806058767, "theta2_out": 104.97000000000101, "x1": 2.0, "y1": 2.0, "x2": -2.0, "y2": -2.0, "PDOF_stima": null, "J1": 1974.7913015600002, "J2": 1960.0918230000002, "omega1_pre": 0.0, "omega1_post": 3.4136012600982593, "omega2_pre": 0.0, "omega2_post": 3.066685142928669}, "triangoli": {"V1_pre": 51.193028666352475, "theta1_in_t": null, "V1_post_t": null, "theta1_out_t": null, "V2_pre": 35.11708168970435, "theta2_in_t": null, "V2_post_t": null, "theta2_out_t": null, "x1": 2.0, "y1": 2.0, "x2": -2.0, "y2": -2.0, "PDOF_eff": null}, "cicloidi": {}, "pdof": {"target": null, "stima": null, "eff": null}}