{"vectors": {"V1_pre": 49.83926132896491, "theta1_in": 353.49999999999983, "V1_post": 22.21723887612268, "theta1_out": 325.6299999999949, "V2_pre": 38.34451153777515, "theta2_in": 156.04999999999905, "V2_post": 22.776064846895594, "theta2_out": 101.14000000000314, "x1": -1.27, "y1": -0.91, "x2": 0.98, "y2": 0.72, "PDOF_stima": 12.478762249422912, "J1": 1974.7913015600002, "J2": 1877.7978914999999, "omega1_pre": 0.0, "omega1_post": 3.450780177605122, "omega2_pre": 0.0, "omega2_post": 2.8832274914544933}, "triangoli": {"V1_pre": 49.83926132896491, "theta1_in_t": 355.49999999999983, "V1_post_t": 21.21723887612268, "theta1_out_t": 324.6299999999949, "V2_pre": 38.34451153777515, "theta2_in_t": 156.04999999999905, "V2_post_t": 25.776064846895594, "theta2_out_t": 98.14000000000314, "x1": -1.27, "y1": -0.91, "x2": 0.98, "y2": 0.72, "PDOF_eff": 16.040409146634588}, "cicloidi": {}, "pdof": {"target": 14.0, "stima": 12.478762249422912, "eff": 16.040409146634588}}