{"best": {"x1": -1.27, "y1": -0.91, "x2": 0.98, "y2": 0.72, "theta1_in": 353.5, "theta1_out": 325.63, "theta2_in": 156.05, "theta2_out": 101.14, "V1_post": 22.22, "V2_post": 22.78, "V1_pre": 49.84, "V2_pre": 38.34, "omega1_post": 3.45, "omega2_post": 2.88, "omega1_pre": 0.0, "omega2_pre": 0.0, "Ed": 123459.25, "PDOF_stima": 12.48, "f1": 0.5, "f2": 0.7, "J1": 1974.79, "J2": 1877.8, "d_post1": 5.4, "cicloide1": 5.8, "d_post2": 3.6, "cicloide2": 3.81, "Ed_target": 124202.15, "epsilon": 0.01, "V1_post_t": 21.22, "theta1_in_t": 355.5, "theta1_out_t": 324.63, "V2_post_t": 25.78, "theta2_in_t": 156.05, "theta2_out_t": 98.14, "PDOF_eff": 16.04, "h1": 0.58, "h2": 0.46}, "rows": [], "total": 3, "run_id": "3d22b8a6-6872-44f0-85f7-99a9c392b8dd", "variabili": ["x1", "y1", "x2", "y2", "theta1_in", "theta1_out", "theta2_in", "theta2_out", "V1_post", "V2_post", "V1_pre", "V2_pre", "omega1_post", "omega2_post", "omega1_pre", "omega2_pre", "Ed", "PDOF_stima", "f1", "f2", "J1", "J2", "d_post1", "cicloide1", "d_post2", "cicloide2", "Ed_target", "epsilon", "V1_post_t", "theta1_in_t", "theta1_out_t", "V2_post_t", "theta2_in_t", "theta2_out_t", "PDOF_eff", "h1", "h2"], "colonne_errori": ["err_theta1_in", "err_theta1_out", "err_theta2_in", "err_theta2_out", "errore_Ed_[KJ]", "errore_logico", "err_PDOF", "errore_chiusura", "errore_parallelismo", "errore_scostamento", "err_medio%"], "graph_inputs": "{\"vectors\": {\"V1_pre\": 49.83926132896491, \"theta1_in\": 353.49999999999983, \"V1_post\": 22.21723887612268, \"theta1_out\": 325.6299999999949, \"V2_pre\": 38.34451153777515, \"theta2_in\": 156.04999999999905, \"V2_post\": 22.776064846895594, \"theta2_out\": 101.14000000000314, \"x1\": -1.27, \"y1\": -0.91, \"x2\": 0.98, \"y2\": 0.72, \"PDOF_stima\": 12.478762249422912, \"J1\": 1974.7913015600002, \"J2\": 1877.7978914999999, \"omega1_pre\": 0.0, \"omega1_post\": 3.450780177605122, \"omega2_pre\": 0.0, \"omega2_post\": 2.8832274914544933}, \"triangoli\": {\"V1_pre\": 49.83926132896491, \"theta1_in_t\": 355.49999999999983, \"V1_post_t\": 21.21723887612268, \"theta1_out_t\": 324.6299999999949, \"V2_pre\": 38.34451153777515, \"theta2_in_t\": 156.04999999999905, \"V2_post_t\": 25.776064846895594, \"theta2_out_t\": 98.14000000000314, \"x1\": -1.27, \"y1\": -0.91, \"x2\": 0.98, \"y2\": 0.72, \"PDOF_eff\": 16.040409146634588}, \"cicloidi\": {}, \"pdof\": {\"target\": 14.0, \"stima\": 12.478762249422912, \"eff\": 16.040409146634588}}", "units": {"m1": "kg", "m2": "kg", "l1": "m", "l2": "m", "p1": "m", "p2": "m", "d_post1": "m", "d_post2": "m", "theta_post1": "deg", "theta_post2": "deg", "f1": "", "f2": "", "lunghezza_cicloide_1": "m", "lunghezza_cicloide_2": "m", "x1_quiete": "m", "y1_quiete": "m", "x2_quiete": "m", "y2_quiete": "m", "V1_post_Kmh": "km/h", "V2_post_Kmh": "km/h", "V1_pre": "Km/h", "V2_pre": "Km/h", "V1_post": "Km/h", "V2_post": "Km/h", "omega1_post": "rad/s", "omega2_post": "rad/s", "omega1_pre": "rad/s", "omega2_pre": "rad/s", "EES1_Kmh": "km/h", "EES2_Kmh": "km/h", "Ed_target": "J", "Ed": "J", "J1": "Kg*m^2", "J2": "Kg*m^2", "theta1_in": "deg", "theta1_out": "deg", "theta2_in": "deg", "theta2_out": "deg", "x1": "m", "y1": "m", "x2": "m", "y2": "m", "cicloide1": "m", "cicloide2": "m", "PDOF_stima": "deg", "PDOF_eff": "deg"}, "expandable_vars": ["theta1_in", "theta1_out", "theta2_in", "theta2_out"], "used_params": {"chiusura_triangoli": "attivo", "cicloide": "attivo", "cicloide_avanzata": "disattivo", "cicloide_nota": "disattivo", "EES1_Kmh": "38.4", "EES2_Kmh": "32.8", "energia_EES": "attivo", "gdl": "2.0", "l1": "4.07", "l2": "3.97", "lunghezza_cicloide_1": "0.0", "lunghezza_cicloide_2": "0.0", "m1": "1253.0", "m2": "1275.0", "N": "20000.0", "p1": "2.62", "p2": "2.51", "PDOF": "14.0", "stima_PDOF": "attivo", "theta_post1": "173.0", "theta_post2": "94.0", "x1_quiete": "0.0", "x2_quiete": "0.0", "y1_quiete": "0.0", "y2_quiete": "0.0"}, "used_params_grouped": [["Simulazione", {"N": "20000.0", "gdl": "2.0"}], ["Flag", {"cicloide": "attivo", "cicloide_avanzata": "disattivo", "cicloide_nota": "disattivo", "energia_EES": "attivo", "stima_PDOF": "attivo", "chiusura_triangoli": "attivo"}], ["Post-urto (cicloide)", {"theta_post1": "173.0", "theta_post2": "94.0"}], ["Post-urto avanzato", {"x1_quiete": "0.0", "y1_quiete": "0.0", "x2_quiete": "0.0", "y2_quiete": "0.0"}], ["Cicloide nota", {"lunghezza_cicloide_1": "0.0", "lunghezza_cicloide_2": "0.0"}], ["Energia EES", {"EES1_Kmh": "38.4", "EES2_Kmh": "32.8"}], ["Targets fissi", {"PDOF": "14.0"}], ["Altri", {"l1": "4.07", "l2": "3.97", "m1": "1253.0", "m2": "1275.0", "p1": "2.62", "p2": "2.51"}]], "flags": {"chiusura_triangoli": true, "cicloide_avanzata": false, "stima_PDOF": true}, "parametri": {"N": [20000.0, 20000.0], "gdl": [2.0, 2.0], "cicloide": [1.0, 1.0], "cicloide_avanzata": [0.0, 0.0], "cicloide_nota": [0.0, 0.0], "energia_EES": [1.0, 1.0], "stima_PDOF": [1.0, 1.0], "chiusura_triangoli": [1.0, 1.0], "m1": [1253.0, 1253.0], "l1": [4.07, 4.07], "p1": [2.62, 2.62], "m2": [1275.0, 1275.0], "l2": [3.97, 3.97], "p2": [2.51, 2.51], "d_post1": [5.4, 5.4], "d_post2": [3.6, 3.6], "theta_post1": [173.0, 173.0], "theta_post2": [94.0, 94.0], "f1": [0.5, 0.5], "f2": [0.7, 0.7], "EES1_Kmh": [38.4, 38.4], "EES2_Kmh": [32.8, 32.8], "theta1_in": [-15.0, 15.0], "theta1_out": [320.0, 340.0], "theta2_in": [155.0, 175.0], "theta2_out": [95.0, 115.0], "x1": [-1.27, -1.27], "y1": [-0.91, -0.91], "x2": [0.98, 0.98], "y2": [0.72, 0.72], "x1_quiete": [0.0, 0.0], "y1_quiete": [0.0, 0.0], "x2_quiete": [0.0, 0.0], "y2_quiete": [0.0, 0.0], "lunghezza_cicloide_1": [0.0, 0.0], "lunghezza_cicloide_2": [0.0, 0.0], "Ed_target": [0.0, 0.0], "omega1_post": [0.0, 0.0], "omega2_post": [0.0, 0.0], "J1": [0.0, 0.0], "J2": [0.0, 0.0]}, "targets": {"theta1_in": [2.0, 2.0], "theta1_out": [330.0, 330.0], "theta2_in": [165.0, 165.0], "theta2_out": [105.0, 105.0], "x1": [-1.27, -1.27], "y1": [-0.91, -0.91], "x2": [0.98, 0.98], "y2": [0.72, 0.72], "PDOF": [14.0, 14.0]}, "files_available": {"risultati.txt": true, "listato.txt": true, "results_payload.json": true}}