{"vectors": {"V1_pre": 50.64654267838119, "theta1_in": 355.45999999999975, "V1_post": 22.21723887612268, "theta1_out": 324.23999999999614, "V2_pre": 37.58957994840737, "theta2_in": 158.54999999999677, "V2_post": 22.776064846895594, "theta2_out": 97.79000000000143, "x1": -1.27, "y1": -0.91, "x2": 0.98, "y2": 0.72, "PDOF_stima": 15.455675834121756, "J1": 1974.7913015600002, "J2": 1877.7978914999999, "omega1_pre": 0.0, "omega1_post": 3.450780177605122, "omega2_pre": 0.0, "omega2_post": 2.8832274914544933}, "triangoli": {"V1_pre": 50.64654267838119, "theta1_in_t": 352.45999999999975, "V1_post_t": 22.21723887612268, "theta1_out_t": 321.23999999999614, "V2_pre": 37.58957994840737, "theta2_in_t": 155.54999999999677, "V2_post_t": 22.776064846895594, "theta2_out_t": 94.79000000000143, "x1": -1.27, "y1": -0.91, "x2": 0.98, "y2": 0.72, "PDOF_eff": 12.455675834121736}, "cicloidi": {}, "pdof": {"target": 14.0, "stima": 15.455675834121756, "eff": 12.455675834121736}}