{"vectors": {"V1_pre": 50.66162494886631, "theta1_in": 3.93, "V1_post": 22.412949125126513, "theta1_out": 330.099999999999, "V2_pre": 35.36600675391092, "theta2_in": 174.42999999998688, "V2_post": 18.41457380568004, "theta2_out": 104.54000000000079, "x1": -1.27, "y1": -0.91, "x2": 0.98, "y2": 0.72, "PDOF_stima": null, "J1": 1974.7913015600002, "J2": 1877.7978914999999, "omega1_pre": 0.0, "omega1_post": 3.4429231794653647, "omega2_pre": 0.0, "omega2_post": 3.085286424274735}, "triangoli": {"V1_pre": 50.66162494886631, "theta1_in_t": null, "V1_post_t": null, "theta1_out_t": null, "V2_pre": 35.36600675391092, "theta2_in_t": null, "V2_post_t": null, "theta2_out_t": null, "x1": -1.27, "y1": -0.91, "x2": 0.98, "y2": 0.72, "PDOF_eff": null}, "cicloidi": {}, "pdof": {"target": 14.0, "stima": null, "eff": null}}