{"vectors": {"V1_pre": 50.73683198343071, "theta1_in": 1.09, "V1_post": 22.703616119608995, "theta1_out": 331.24999999999795, "V2_pre": 38.996479944572876, "theta2_in": 160.47999999999956, "V2_post": 25.541916308012212, "theta2_out": 104.66000000000085, "x1": -1.27, "y1": -0.91, "x2": 0.98, "y2": 0.72, "PDOF_stima": null, "J1": 1974.7913015600002, "J2": 1877.7978914999999, "omega1_pre": 0.0, "omega1_post": 3.4310182000757887, "omega2_pre": 0.0, "omega2_post": 2.7324146102832003}, "triangoli": {"V1_pre": 50.73683198343071, "theta1_in_t": null, "V1_post_t": null, "theta1_out_t": null, "V2_pre": 38.996479944572876, "theta2_in_t": null, "V2_post_t": null, "theta2_out_t": null, "x1": -1.27, "y1": -0.91, "x2": 0.98, "y2": 0.72, "PDOF_eff": null}, "cicloidi": {}, "pdof": {"target": null, "stima": null, "eff": null}}