{"variabili": ["x1", "y1", "x2", "y2", "theta1_in", "theta1_out", "theta2_in", "theta2_out", "V1_post", "V2_post", "V1_pre", "V2_pre", "omega1_post", "omega2_post", "omega1_pre", "omega2_pre", "Ed", "f1", "f2", "J1", "J2", "d_post1", "cicloide1", "d_post2", "cicloide2", "Ed_target"], "colonne_errori": ["err_theta1_in", "err_theta1_out", "err_theta2_in", "err_theta2_out", "errore_Ed_[KJ]", "errore_logico", "err_medio%"], "parametri": {"N": [200000.0, 200000.0], "gdl": [2.0, 2.0], "cicloide": [1.0, 1.0], "cicloide_avanzata": [0.0, 0.0], "cicloide_nota": [0.0, 0.0], "energia_EES": [0.0, 0.0], "stima_PDOF": [0.0, 0.0], "chiusura_triangoli": [0.0, 0.0], "max_iter": [50.0, 50.0], "passo": [1.0, 1.0], "soglia_salto": [2.0, 2.0], "m1": [1253.0, 1253.0], "l1": [4.07, 4.07], "p1": [2.62, 2.62], "m2": [1275.0, 1275.0], "l2": [3.97, 3.97], "p2": [2.51, 2.51], "d_post1": [5.2, 5.8], "d_post2": [2.7, 4.6], "theta_post1": [173.0, 173.0], "theta_post2": [94.0, 94.0], "f1": [0.5, 0.5], "f2": [0.7, 0.7], "x1_quiete": [3.93, 3.93], "y1_quiete": [-2.43, -2.43], "x2_quiete": [-0.27, -0.27], "y2_quiete": [4.1, 4.1], "V1_post_Kmh": [21.5051708309591, 21.5051708309591], "V2_post_Kmh": [22.1821585550714, 22.1821585550714], "omega1_post": [3.34018181256719, 3.34018181256719], "omega2_post": [2.80804475205477, 2.80804475205477], "lunghezza_cicloide_1": [5.43, 5.43], "lunghezza_cicloide_2": [3.61, 3.61], "EES1_Kmh": [38.4, 38.4], "EES2_Kmh": [32.8, 32.8], "Ed_target": [124202.148148148, 124202.148148148], "theta1_in": [0.0, 4.0], "theta1_out": [329.0, 333.0], "theta2_in": [160.0, 175.0], "theta2_out": [103.0, 107.0], "x1": [-1.27, -1.27], "y1": [-0.91, -0.91], "x2": [0.98, 0.98], "y2": [0.72, 0.72]}, "targets": {"N": [200000.0, 200000.0], "gdl": [2.0, 2.0], "cicloide": [1.0, 1.0], "cicloide_avanzata": [0.0, 0.0], "cicloide_nota": [0.0, 0.0], "energia_EES": [0.0, 0.0], "stima_PDOF": [0.0, 0.0], "chiusura_triangoli": [0.0, 0.0], "max_iter": [50.0, 50.0], "passo": [1.0, 1.0], "soglia_salto": [2.0, 2.0], "m1": [1253.0, 1253.0], "l1": [4.07, 4.07], "p1": [2.62, 2.62], "m2": [1275.0, 1275.0], "l2": [3.97, 3.97], "p2": [2.51, 2.51], "d_post1": [5.2, 5.8], "d_post2": [2.7, 4.6], "theta_post1": [173.0, 173.0], "theta_post2": [94.0, 94.0], "f1": [0.5, 0.5], "f2": [0.7, 0.7], "x1_quiete": [3.93, 3.93], "y1_quiete": [-2.43, -2.43], "x2_quiete": [-0.27, -0.27], "y2_quiete": [4.1, 4.1], "V1_post_Kmh": [21.5051708309591, 21.5051708309591], "V2_post_Kmh": [22.1821585550714, 22.1821585550714], "omega1_post": [3.34018181256719, 3.34018181256719], "omega2_post": [2.80804475205477, 2.80804475205477], "lunghezza_cicloide_1": [5.43, 5.43], "lunghezza_cicloide_2": [3.61, 3.61], "EES1_Kmh": [38.4, 38.4], "EES2_Kmh": [32.8, 32.8], "Ed_target": [124202.148148148, 124202.148148148], "theta1_in": [0.0, 4.0], "theta1_out": [329.0, 333.0], "theta2_in": [160.0, 175.0], "theta2_out": [103.0, 107.0], "x1": [-1.27, -1.27], "y1": [-0.91, -0.91], "x2": [0.98, 0.98], "y2": [0.72, 0.72]}}