{"vectors": {"V1_pre": 51.23685863560801, "theta1_in": 3.58, "V1_post": 23.39991441257427, "theta1_out": 330.92999999999824, "V2_pre": 34.98183534949259, "theta2_in": 173.9699999999873, "V2_post": 18.57919708390312, "theta2_out": 104.44000000000074, "x1": -1.27, "y1": -0.91, "x2": 0.98, "y2": 0.72, "PDOF_stima": null, "J1": 1974.7913015600002, "J2": 1877.7978914999999, "omega1_pre": 0.0, "omega1_post": 3.401413458255503, "omega2_pre": 0.0, "omega2_post": 3.07890981617754}, "triangoli": {"V1_pre": 51.23685863560801, "theta1_in_t": null, "V1_post_t": null, "theta1_out_t": null, "V2_pre": 34.98183534949259, "theta2_in_t": null, "V2_post_t": null, "theta2_out_t": null, "x1": -1.27, "y1": -0.91, "x2": 0.98, "y2": 0.72, "PDOF_eff": null}, "cicloidi": {}, "pdof": {"target": 14.0, "stima": null, "eff": null}}