{"vectors": {"V1_pre": 50.09818307784161, "theta1_in": 356.3500000000026, "V1_post": 22.315289044906596, "theta1_out": 330.93999999999824, "V2_pre": 36.443537912405006, "theta2_in": 161.6599999999985, "V2_post": 19.540885113512125, "theta2_out": 103.70000000000036, "x1": -1.27, "y1": -0.91, "x2": 0.98, "y2": 0.72, "PDOF_stima": 14.084250032719911, "J1": 1974.7913015600002, "J2": 1877.7978914999999, "omega1_pre": 0.0, "omega1_post": 3.4468601010147597, "omega2_pre": 0.0, "omega2_post": 3.0393403199246216}, "triangoli": {"V1_pre": 50.09818307784161, "theta1_in_t": null, "V1_post_t": null, "theta1_out_t": null, "V2_pre": 36.443537912405006, "theta2_in_t": null, "V2_post_t": null, "theta2_out_t": null, "x1": -1.27, "y1": -0.91, "x2": 0.98, "y2": 0.72, "PDOF_eff": null}, "cicloidi": {}, "pdof": {"target": 14.0, "stima": 14.084250032719911, "eff": null}}