{"vectors": {"V1_pre": 51.30374931257859, "theta1_in": 3.15, "V1_post": 23.39991441257427, "theta1_out": 330.91999999999825, "V2_pre": 35.42917123664, "theta2_in": 173.01999999998816, "V2_post": 18.904656882993503, "theta2_out": 105.09000000000107, "x1": -1.27, "y1": -0.91, "x2": 0.98, "y2": 0.72, "PDOF_stima": null, "J1": 1974.7913015600002, "J2": 1877.7978914999999, "omega1_pre": 0.0, "omega1_post": 3.401413458255503, "omega2_pre": 0.0, "omega2_post": 3.065950930940714}, "triangoli": {"V1_pre": 51.30374931257859, "theta1_in_t": null, "V1_post_t": null, "theta1_out_t": null, "V2_pre": 35.42917123664, "theta2_in_t": null, "V2_post_t": null, "theta2_out_t": null, "x1": -1.27, "y1": -0.91, "x2": 0.98, "y2": 0.72, "PDOF_eff": null}, "cicloidi": {}, "pdof": {"target": 14.0, "stima": null, "eff": null}}