{"vectors": {"V1_pre": 50.61837687316785, "theta1_in": 355.8400000000025, "V1_post": 23.39991441257427, "theta1_out": 331.89999999999736, "V2_pre": 36.6734014306686, "theta2_in": 161.9699999999982, "V2_post": 19.383624020307348, "theta2_out": 106.62000000000185, "x1": -1.27, "y1": -0.91, "x2": 0.98, "y2": 0.72, "PDOF_stima": 13.835230273133726, "J1": 1974.7913015600002, "J2": 1877.7978914999999, "omega1_pre": 0.0, "omega1_post": 3.401413458255503, "omega2_pre": 0.0, "omega2_post": 3.0460687405712887}, "triangoli": {"V1_pre": 50.61837687316785, "theta1_in_t": null, "V1_post_t": null, "theta1_out_t": null, "V2_pre": 36.6734014306686, "theta2_in_t": null, "V2_post_t": null, "theta2_out_t": null, "x1": -1.27, "y1": -0.91, "x2": 0.98, "y2": 0.72, "PDOF_eff": null}, "cicloidi": {}, "pdof": {"target": 14.0, "stima": 13.835230273133726, "eff": null}}