{"vectors": {"V1_pre": 49.91558318271, "theta1_in": 355.4999999999998, "V1_post": 22.21723887612268, "theta1_out": 331.1899999999898, "V2_pre": 38.39014242268974, "theta2_in": 156.24999999999886, "V2_post": 22.776064846895594, "theta2_out": 103.63000000000442, "x1": -1.27, "y1": -0.91, "x2": 0.98, "y2": 0.72, "PDOF_stima": 12.633657951213719, "J1": 1974.7913015600002, "J2": 1877.7978914999999, "omega1_pre": 0.0, "omega1_post": 3.450780177605122, "omega2_pre": 0.0, "omega2_post": 2.8832274914544933}, "triangoli": {"V1_pre": 49.91558318271, "theta1_in_t": 356.4999999999998, "V1_post_t": 20.21723887612268, "theta1_out_t": 328.1899999999898, "V2_pre": 38.39014242268974, "theta2_in_t": 159.24999999999886, "V2_post_t": 22.776064846895594, "theta2_out_t": 100.63000000000442, "x1": -1.27, "y1": -0.91, "x2": 0.98, "y2": 0.72, "PDOF_eff": 14.305320926865942}, "cicloidi": {}, "pdof": {"target": 14.0, "stima": 12.633657951213719, "eff": 14.305320926865942}}