{"vectors": {"V1_pre": 49.42800675802213, "theta1_in": 356.26000000000255, "V1_post": 21.787780180245015, "theta1_out": 330.2899999999988, "V2_pre": 36.61888900579622, "theta2_in": 163.42999999999688, "V2_post": 18.633788992414555, "theta2_out": 106.28000000000168, "x1": -1.27, "y1": -0.91, "x2": 0.98, "y2": 0.72, "PDOF_stima": 13.990718147894746, "J1": 1974.7913015600002, "J2": 1877.7978914999999, "omega1_pre": 0.0, "omega1_post": 3.4675548516953816, "omega2_pre": 0.0, "omega2_post": 3.076768436364132}, "triangoli": {"V1_pre": 49.42800675802213, "theta1_in_t": null, "V1_post_t": null, "theta1_out_t": null, "V2_pre": 36.61888900579622, "theta2_in_t": null, "V2_post_t": null, "theta2_out_t": null, "x1": -1.27, "y1": -0.91, "x2": 0.98, "y2": 0.72, "PDOF_eff": null}, "cicloidi": {}, "pdof": {"target": 14.0, "stima": 13.990718147894746, "eff": null}}