{"vectors": {"V1_pre": 51.44043012749762, "theta1_in": 358.7399999999997, "V1_post": 22.21723887612268, "theta1_out": 335.43999999998596, "V2_pre": 36.45326220016197, "theta2_in": 156.29999999999882, "V2_post": 22.776064846895594, "theta2_out": 96.80000000000092, "x1": -1.27, "y1": -0.91, "x2": 0.98, "y2": 0.72, "PDOF_stima": 14.550057610282238, "J1": 1974.7913015600002, "J2": 1877.7978914999999, "omega1_pre": 0.0, "omega1_post": 3.450780177605122, "omega2_pre": 0.0, "omega2_post": 2.8832274914544933}, "triangoli": {"V1_pre": 51.44043012749762, "theta1_in_t": 0.7399999999997249, "V1_post_t": 21.21723887612268, "theta1_out_t": 335.43999999998596, "V2_pre": 36.45326220016197, "theta2_in_t": 157.29999999999882, "V2_post_t": 20.776064846895594, "theta2_out_t": 93.80000000000092, "x1": -1.27, "y1": -0.91, "x2": 0.98, "y2": 0.72, "PDOF_eff": 14.056044768801206}, "cicloidi": {}, "pdof": {"target": 14.0, "stima": 14.550057610282238, "eff": 14.056044768801206}}