{"vectors": {"V1_pre": 50.8949553020891, "theta1_in": 3.97, "V1_post": 22.959119352775186, "theta1_out": 331.189999999998, "V2_pre": 35.61137626916137, "theta2_in": 174.12999999998715, "V2_post": 18.742552665274697, "theta2_out": 106.42000000000175, "x1": -1.27, "y1": -0.91, "x2": 0.98, "y2": 0.72, "PDOF_stima": null, "J1": 1974.7913015600002, "J2": 1877.7978914999999, "omega1_pre": 0.0, "omega1_post": 3.4203283554923987, "omega2_pre": 0.0, "omega2_post": 3.0724630194168006}, "triangoli": {"V1_pre": 50.8949553020891, "theta1_in_t": null, "V1_post_t": null, "theta1_out_t": null, "V2_pre": 35.61137626916137, "theta2_in_t": null, "V2_post_t": null, "theta2_out_t": null, "x1": -1.27, "y1": -0.91, "x2": 0.98, "y2": 0.72, "PDOF_eff": null}, "cicloidi": {}, "pdof": {"target": 14.0, "stima": null, "eff": null}}