{"vectors": {"V1_pre": 49.90222677204896, "theta1_in": 356.70999999999975, "V1_post": 22.21723887612268, "theta1_out": 327.73999999999296, "V2_pre": 38.23912916988819, "theta2_in": 159.64999999999577, "V2_post": 22.776064846895594, "theta2_out": 103.6000000000044, "x1": -1.27, "y1": -0.91, "x2": 0.98, "y2": 0.72, "PDOF_stima": 16.16444671482214, "J1": 1974.7913015600002, "J2": 1877.7978914999999, "omega1_pre": 0.0, "omega1_post": 3.450780177605122, "omega2_pre": 0.0, "omega2_post": 2.8832274914544933}, "triangoli": {"V1_pre": 49.90222677204896, "theta1_in_t": 357.70999999999975, "V1_post_t": 22.21723887612268, "theta1_out_t": 324.73999999999296, "V2_pre": 38.23912916988819, "theta2_in_t": 159.64999999999577, "V2_post_t": 22.776064846895594, "theta2_out_t": 100.6000000000044, "x1": -1.27, "y1": -0.91, "x2": 0.98, "y2": 0.72, "PDOF_eff": 17.43545067559065}, "cicloidi": {}, "pdof": {"target": 14.0, "stima": 16.16444671482214, "eff": 17.43545067559065}}