{"vectors": {"V1_pre": 49.835199731431125, "theta1_in": 356.1800000000025, "V1_post": 22.18446832692391, "theta1_out": 330.3199999999988, "V2_pre": 36.57930677706204, "theta2_in": 162.91999999999734, "V2_post": 18.958416359368627, "theta2_out": 105.42000000000124, "x1": -1.27, "y1": -0.91, "x2": 0.98, "y2": 0.72, "PDOF_stima": 14.128295374184011, "J1": 1974.7913015600002, "J2": 1877.7978914999999, "omega1_pre": 0.0, "omega1_post": 3.452083004220527, "omega2_pre": 0.0, "omega2_post": 3.063766541064253}, "triangoli": {"V1_pre": 49.835199731431125, "theta1_in_t": null, "V1_post_t": null, "theta1_out_t": null, "V2_pre": 36.57930677706204, "theta2_in_t": null, "V2_post_t": null, "theta2_out_t": null, "x1": -1.27, "y1": -0.91, "x2": 0.98, "y2": 0.72, "PDOF_eff": null}, "cicloidi": {}, "pdof": {"target": 14.0, "stima": 14.128295374184011, "eff": null}}