{"vectors": {"V1_pre": 51.038155533266156, "theta1_in": 3.7600000000000002, "V1_post": 23.18051272967865, "theta1_out": 330.38999999999874, "V2_pre": 35.37264373324691, "theta2_in": 174.26999999998702, "V2_post": 18.742552665274697, "theta2_out": 105.32000000000119, "x1": -1.27, "y1": -0.91, "x2": 0.98, "y2": 0.72, "PDOF_stima": null, "J1": 1974.7913015600002, "J2": 1877.7978914999999, "omega1_pre": 0.0, "omega1_post": 3.41090129687962, "omega2_pre": 0.0, "omega2_post": 3.0724630194168006}, "triangoli": {"V1_pre": 51.038155533266156, "theta1_in_t": null, "V1_post_t": null, "theta1_out_t": null, "V2_pre": 35.37264373324691, "theta2_in_t": null, "V2_post_t": null, "theta2_out_t": null, "x1": -1.27, "y1": -0.91, "x2": 0.98, "y2": 0.72, "PDOF_eff": null}, "cicloidi": {}, "pdof": {"target": 14.0, "stima": null, "eff": null}}