{"vectors": {"V1_pre": 59.594953083551204, "theta1_in": 350.09000000000003, "V1_post": 29.9500925942259, "theta1_out": 290.0, "V2_pre": 28.000869144610064, "theta2_in": 200.47, "V2_post": 22.766213476317652, "theta2_out": 20.0, "x1": -1.2, "y1": -1.0, "x2": 0.9, "y2": 0.7, "PDOF_stima": 20.259231270407454, "J1": 1974.7913015600002, "J2": 1877.7978914999999, "omega1_pre": 0.0, "omega1_post": 3.194447220839184, "omega2_pre": 0.0, "omega2_post": 2.676562651891928}, "triangoli": {"V1_pre": 59.594953083551204, "theta1_in_t": null, "V1_post_t": null, "theta1_out_t": null, "V2_pre": 28.000869144610064, "theta2_in_t": null, "V2_post_t": null, "theta2_out_t": null, "x1": -1.2, "y1": -1.0, "x2": 0.9, "y2": 0.7, "PDOF_eff": null}, "cicloidi": {}, "pdof": {"target": 20.0, "stima": 20.259231270407454, "eff": null}}