{"vectors": {"V1_pre": 50.714628036992025, "theta1_in": 355.4699999999998, "V1_post": 22.21723887612268, "theta1_out": 322.3899999999978, "V2_pre": 37.57945142030047, "theta2_in": 159.409999999996, "V2_post": 22.776064846895594, "theta2_out": 97.04000000000104, "x1": -1.27, "y1": -0.91, "x2": 0.98, "y2": 0.72, "PDOF_stima": 16.165831145376124, "J1": 1974.7913015600002, "J2": 1877.7978914999999, "omega1_pre": 0.0, "omega1_post": 3.450780177605122, "omega2_pre": 0.0, "omega2_post": 2.8832274914544933}, "triangoli": {"V1_pre": 50.714628036992025, "theta1_in_t": 352.4699999999998, "V1_post_t": 22.21723887612268, "theta1_out_t": 319.3899999999978, "V2_pre": 37.57945142030047, "theta2_in_t": 161.409999999996, "V2_post_t": 19.776064846895594, "theta2_out_t": 98.04000000000104, "x1": -1.27, "y1": -0.91, "x2": 0.98, "y2": 0.72, "PDOF_eff": 13.096927593597021}, "cicloidi": {}, "pdof": {"target": 14.0, "stima": 16.165831145376124, "eff": 13.096927593597021}}