{"best": {"x1": -1.27, "y1": -0.91, "x2": 0.98, "y2": 0.72, "theta1_in": 355.47, "theta1_out": 322.39, "theta2_in": 159.41, "theta2_out": 97.04, "V1_post": 22.22, "V2_post": 22.78, "V1_pre": 50.71, "V2_pre": 37.58, "omega1_post": 3.45, "omega2_post": 2.88, "omega1_pre": 0.0, "omega2_pre": 0.0, "Ed": 124857.05, "PDOF_stima": 16.17, "f1": 0.5, "f2": 0.7, "J1": 1974.79, "J2": 1877.8, "d_post1": 5.4, "cicloide1": 5.8, "d_post2": 3.6, "cicloide2": 3.81, "Ed_target": 124202.15, "epsilon": 0.03, "V1_post_t": 22.22, "theta1_in_t": 352.47, "theta1_out_t": 319.39, "V2_post_t": 19.78, "theta2_in_t": 161.41, "theta2_out_t": 98.04, "PDOF_eff": 13.1, "h1": 0.58, "h2": 0.46}, "rows": [], "total": 4, "run_id": "ca932fa6-ec93-4e91-b35a-4b27d573e1b9", "variabili": ["x1", "y1", "x2", "y2", "theta1_in", "theta1_out", "theta2_in", "theta2_out", "V1_post", "V2_post", "V1_pre", "V2_pre", "omega1_post", "omega2_post", "omega1_pre", "omega2_pre", "Ed", "PDOF_stima", "f1", "f2", "J1", "J2", "d_post1", "cicloide1", "d_post2", "cicloide2", "Ed_target", "epsilon", "V1_post_t", "theta1_in_t", "theta1_out_t", "V2_post_t", "theta2_in_t", "theta2_out_t", "PDOF_eff", "h1", "h2"], "colonne_errori": ["err_theta1_in", "err_theta1_out", "err_theta2_in", "err_theta2_out", "errore_Ed_[KJ]", "errore_logico", "err_PDOF", "errore_chiusura", "errore_parallelismo", "errore_scostamento", "err_medio%"], "graph_inputs": "{\"vectors\": {\"V1_pre\": 50.714628036992025, \"theta1_in\": 355.4699999999998, \"V1_post\": 22.21723887612268, \"theta1_out\": 322.3899999999978, \"V2_pre\": 37.57945142030047, \"theta2_in\": 159.409999999996, \"V2_post\": 22.776064846895594, \"theta2_out\": 97.04000000000104, \"x1\": -1.27, \"y1\": -0.91, \"x2\": 0.98, \"y2\": 0.72, \"PDOF_stima\": 16.165831145376124, \"J1\": 1974.7913015600002, \"J2\": 1877.7978914999999, \"omega1_pre\": 0.0, \"omega1_post\": 3.450780177605122, \"omega2_pre\": 0.0, \"omega2_post\": 2.8832274914544933}, \"triangoli\": {\"V1_pre\": 50.714628036992025, \"theta1_in_t\": 352.4699999999998, \"V1_post_t\": 22.21723887612268, \"theta1_out_t\": 319.3899999999978, \"V2_pre\": 37.57945142030047, \"theta2_in_t\": 161.409999999996, \"V2_post_t\": 19.776064846895594, \"theta2_out_t\": 98.04000000000104, \"x1\": -1.27, \"y1\": -0.91, \"x2\": 0.98, \"y2\": 0.72, \"PDOF_eff\": 13.096927593597021}, \"cicloidi\": {}, \"pdof\": {\"target\": 14.0, \"stima\": 16.165831145376124, \"eff\": 13.096927593597021}}", "units": {"m1": "kg", "m2": "kg", "l1": "m", "l2": "m", "p1": "m", "p2": "m", "d_post1": "m", "d_post2": "m", "theta_post1": "deg", "theta_post2": "deg", "f1": "", "f2": "", "lunghezza_cicloide_1": "m", "lunghezza_cicloide_2": "m", "x1_quiete": "m", "y1_quiete": "m", "x2_quiete": "m", "y2_quiete": "m", "V1_post_Kmh": "km/h", "V2_post_Kmh": "km/h", "V1_pre": "Km/h", "V2_pre": "Km/h", "V1_post": "Km/h", "V2_post": "Km/h", "omega1_post": "rad/s", "omega2_post": "rad/s", "omega1_pre": "rad/s", "omega2_pre": "rad/s", "EES1_Kmh": "km/h", "EES2_Kmh": "km/h", "Ed_target": "J", "Ed": "J", "J1": "Kg*m^2", "J2": "Kg*m^2", "theta1_in": "deg", "theta1_out": "deg", "theta2_in": "deg", "theta2_out": "deg", "x1": "m", "y1": "m", "x2": "m", "y2": "m", "cicloide1": "m", "cicloide2": "m", "PDOF_stima": "deg", "PDOF_eff": "deg"}, "expandable_vars": ["theta1_in", "theta1_out", "theta2_in", "theta2_out"], "used_params": {"chiusura_triangoli": "attivo", "cicloide": "attivo", "cicloide_avanzata": "disattivo", "cicloide_nota": "disattivo", "EES1_Kmh": "38.4", "EES2_Kmh": "32.8", "energia_EES": "attivo", "gdl": "2.0", "l1": "4.07", "l2": "3.97", "lunghezza_cicloide_1": "0.0", "lunghezza_cicloide_2": "0.0", "m1": "1253.0", "m2": "1275.0", "N": "20000.0", "p1": "2.62", "p2": "2.51", "PDOF": "14.0", "stima_PDOF": "attivo", "theta_post1": "173.0", "theta_post2": "94.0", "x1_quiete": "0.0", "x2_quiete": "0.0", "y1_quiete": "0.0", "y2_quiete": "0.0"}, "used_params_grouped": [["Simulazione", {"N": "20000.0", "gdl": "2.0"}], ["Flag", {"cicloide": "attivo", "cicloide_avanzata": "disattivo", "cicloide_nota": "disattivo", "energia_EES": "attivo", "stima_PDOF": "attivo", "chiusura_triangoli": "attivo"}], ["Post-urto (cicloide)", {"theta_post1": "173.0", "theta_post2": "94.0"}], ["Post-urto avanzato", {"x1_quiete": "0.0", "y1_quiete": "0.0", "x2_quiete": "0.0", "y2_quiete": "0.0"}], ["Cicloide nota", {"lunghezza_cicloide_1": "0.0", "lunghezza_cicloide_2": "0.0"}], ["Energia EES", {"EES1_Kmh": "38.4", "EES2_Kmh": "32.8"}], ["Targets fissi", {"PDOF": "14.0"}], ["Altri", {"l1": "4.07", "l2": "3.97", "m1": "1253.0", "m2": "1275.0", "p1": "2.62", "p2": "2.51"}]], "flags": {"chiusura_triangoli": true, "cicloide_avanzata": false, "stima_PDOF": true}, "files_available": {"risultati.txt": true, "listato.txt": true, "results_payload.json": true}}