{"vectors": {"V1_pre": 50.588355744634036, "theta1_in": 3.58, "V1_post": 22.445416271318834, "theta1_out": 330.089999999999, "V2_pre": 35.60462895177721, "theta2_in": 174.31999999998698, "V2_post": 18.304112602626205, "theta2_out": 105.63000000000135, "x1": -1.27, "y1": -0.91, "x2": 0.98, "y2": 0.72, "PDOF_stima": null, "J1": 1974.7913015600002, "J2": 1877.7978914999999, "omega1_pre": 0.0, "omega1_post": 3.441607249305991, "omega2_pre": 0.0, "omega2_post": 3.0894959843345555}, "triangoli": {"V1_pre": 50.588355744634036, "theta1_in_t": null, "V1_post_t": null, "theta1_out_t": null, "V2_pre": 35.60462895177721, "theta2_in_t": null, "V2_post_t": null, "theta2_out_t": null, "x1": -1.27, "y1": -0.91, "x2": 0.98, "y2": 0.72, "PDOF_eff": null}, "cicloidi": {}, "pdof": {"target": 14.0, "stima": null, "eff": null}}