{"vectors": {"V1_pre": 50.12333516388872, "theta1_in": 355.4000000000024, "V1_post": 22.703616119608995, "theta1_out": 329.6499999999994, "V2_pre": 36.52851686455636, "theta2_in": 161.73999999999842, "V2_post": 19.383624020307348, "theta2_out": 104.47000000000075, "x1": -1.27, "y1": -0.91, "x2": 0.98, "y2": 0.72, "PDOF_stima": 13.786398177201564, "J1": 1974.7913015600002, "J2": 1877.7978914999999, "omega1_pre": 0.0, "omega1_post": 3.4310182000757887, "omega2_pre": 0.0, "omega2_post": 3.0460687405712887}, "triangoli": {"V1_pre": 50.12333516388872, "theta1_in_t": null, "V1_post_t": null, "theta1_out_t": null, "V2_pre": 36.52851686455636, "theta2_in_t": null, "V2_post_t": null, "theta2_out_t": null, "x1": -1.27, "y1": -0.91, "x2": 0.98, "y2": 0.72, "PDOF_eff": null}, "cicloidi": {}, "pdof": {"target": 14.0, "stima": 13.786398177201564, "eff": null}}