{"vectors": {"V1_pre": 49.422204030715314, "theta1_in": 354.8999999999998, "V1_post": 22.21723887612268, "theta1_out": 326.9099999999937, "V2_pre": 39.00350889999014, "theta2_in": 158.46999999999684, "V2_post": 22.776064846895594, "theta2_out": 105.79000000000552, "x1": -1.27, "y1": -0.91, "x2": 0.98, "y2": 0.72, "PDOF_stima": 14.182568050165651, "J1": 1974.7913015600002, "J2": 1877.7978914999999, "omega1_pre": 0.0, "omega1_post": 3.450780177605122, "omega2_pre": 0.0, "omega2_post": 2.8832274914544933}, "triangoli": {"V1_pre": 49.422204030715314, "theta1_in_t": 356.8999999999998, "V1_post_t": 20.21723887612268, "theta1_out_t": 326.9099999999937, "V2_pre": 39.00350889999014, "theta2_in_t": 160.46999999999684, "V2_post_t": 20.776064846895594, "theta2_out_t": 102.79000000000552, "x1": -1.27, "y1": -0.91, "x2": 0.98, "y2": 0.72, "PDOF_eff": 13.563785512875327}, "cicloidi": {}, "pdof": {"target": 14.0, "stima": 14.182568050165651, "eff": 13.563785512875327}}