{"vectors": {"V1_pre": 51.05161862255758, "theta1_in": 0.3499999999996728, "V1_post": 22.21723887612268, "theta1_out": 339.64999999998213, "V2_pre": 37.092783941321194, "theta2_in": 157.0999999999981, "V2_post": 22.776064846895594, "theta2_out": 101.32000000000323, "x1": -1.27, "y1": -0.91, "x2": 0.98, "y2": 0.72, "PDOF_stima": 14.894761720436364, "J1": 1974.7913015600002, "J2": 1877.7978914999999, "omega1_pre": 0.0, "omega1_post": 3.450780177605122, "omega2_pre": 0.0, "omega2_post": 2.8832274914544933}, "triangoli": {"V1_pre": 51.05161862255758, "theta1_in_t": 1.3499999999996728, "V1_post_t": 20.21723887612268, "theta1_out_t": 337.64999999998213, "V2_pre": 37.092783941321194, "theta2_in_t": 160.0999999999981, "V2_post_t": 21.776064846895594, "theta2_out_t": 98.32000000000323, "x1": -1.27, "y1": -0.91, "x2": 0.98, "y2": 0.72, "PDOF_eff": 15.538709858022301}, "cicloidi": {}, "pdof": {"target": 14.0, "stima": 14.894761720436364, "eff": 15.538709858022301}}