{"vectors": {"V1_pre": 50.95765010875289, "theta1_in": 3.98, "V1_post": 22.831701612981075, "theta1_out": 330.109999999999, "V2_pre": 35.697322313773874, "theta2_in": 174.25999999998703, "V2_post": 18.904656882993503, "theta2_out": 105.38000000000122, "x1": -1.27, "y1": -0.91, "x2": 0.98, "y2": 0.72, "PDOF_stima": null, "J1": 1974.7913015600002, "J2": 1877.7978914999999, "omega1_pre": 0.0, "omega1_post": 3.4256851265871466, "omega2_pre": 0.0, "omega2_post": 3.065950930940714}, "triangoli": {"V1_pre": 50.95765010875289, "theta1_in_t": null, "V1_post_t": null, "theta1_out_t": null, "V2_pre": 35.697322313773874, "theta2_in_t": null, "V2_post_t": null, "theta2_out_t": null, "x1": -1.27, "y1": -0.91, "x2": 0.98, "y2": 0.72, "PDOF_eff": null}, "cicloidi": {}, "pdof": {"target": 14.0, "stima": null, "eff": null}}