{"vectors": {"V1_pre": 50.857481533330954, "theta1_in": 3.89, "V1_post": 22.703616119608995, "theta1_out": 330.0099999999991, "V2_pre": 35.60211136675365, "theta2_in": 174.64999999998668, "V2_post": 18.524464320342155, "theta2_out": 105.36000000000121, "x1": -1.27, "y1": -0.91, "x2": 0.98, "y2": 0.72, "PDOF_stima": null, "J1": 1974.7913015600002, "J2": 1877.7978914999999, "omega1_pre": 0.0, "omega1_post": 3.4310182000757887, "omega2_pre": 0.0, "omega2_post": 3.0810433990743435}, "triangoli": {"V1_pre": 50.857481533330954, "theta1_in_t": null, "V1_post_t": null, "theta1_out_t": null, "V2_pre": 35.60211136675365, "theta2_in_t": null, "V2_post_t": null, "theta2_out_t": null, "x1": -1.27, "y1": -0.91, "x2": 0.98, "y2": 0.72, "PDOF_eff": null}, "cicloidi": {}, "pdof": {"target": 14.0, "stima": null, "eff": null}}