{"vectors": {"V1_pre": 50.88629031451027, "theta1_in": 3.98, "V1_post": 23.054248272243825, "theta1_out": 330.9799999999982, "V2_pre": 35.812342159124924, "theta2_in": 172.92999999998824, "V2_post": 19.64507453482913, "theta2_out": 106.15000000000161, "x1": -1.27, "y1": -0.91, "x2": 0.98, "y2": 0.72, "PDOF_stima": null, "J1": 1974.7913015600002, "J2": 1877.7978914999999, "omega1_pre": 0.0, "omega1_post": 3.4162960950950345, "omega2_pre": 0.0, "omega2_post": 3.034830117575467}, "triangoli": {"V1_pre": 50.88629031451027, "theta1_in_t": null, "V1_post_t": null, "theta1_out_t": null, "V2_pre": 35.812342159124924, "theta2_in_t": null, "V2_post_t": null, "theta2_out_t": null, "x1": -1.27, "y1": -0.91, "x2": 0.98, "y2": 0.72, "PDOF_eff": null}, "cicloidi": {}, "pdof": {"target": 14.0, "stima": null, "eff": null}}